BA,Boeing Company,Equity,United States,09:30,16:00,UTC-04,USD,1.0000
BAB,INVESCO TAXABLE MUNICIPAL BOND ETF ,ETF,United States,09:30,16:00,UTC-04,USD,0.8000
BA.LON,BAE Systems plc,Equity,United Kingdom,08:00,16:30,UTC+01,GBX,0.6667
BABA,Alibaba Group Holding Ltd,Equity,United States,09:30,16:00,UTC-04,USD,0.6667
BA3.FRK,Brooks Automation Inc,Equity,Frankfurt,08:00,20:00,UTC+02,EUR,0.5714
BAAPX,BlackRock Aggressive GwthPrprdPtfInvstrA,Mutual Fund,United States,09:30,16:00,UTC-04,USD,0.5714
BAAAAX,Building America Strategy Port CDA USD Ser 21/1Q MNT CASH,Mutual Fund,United States,09:30,16:00,UTC-04,USD,0.5000
BAAAFX,Building America Strgy Portf CDA USD Ser 2022/2Q MNT CASH,Mutual Fund,United States,09:30,16:00,UTC-04,USD,0.5000
BAB3.LON,Leverage Shares 3x Alibaba ETP Securities,ETF,United Kingdom,08:00,16:30,UTC+01,USD,0.5000
BAAX39.SAO,Ishares Msci All Country Asia Ex Japan ETF,ETF,Brazil/Sao Paolo,10:00,17:30,UTC-03,BRL,0.3636
